[["ĐIỆN THOẠI NỔI BẬT NHẤT",{"1":{"image":{"src":"https://cdn2.cellphones.com.vn/100x/media/wysiwyg/placehoder.png","alt":"iPhone 11 64GB I Chính hãng VN/A "},"productName":"iPhone 11 64GB I Chính hãng VN/A","price":"10.790.000 ₫","discription":"[HOT] Thu cũ lên đời giá cao - Thủ tục nhanh - Trợ giá lên tới 1.000.000đ","STT":1,"quantity":10,"label":3},"2":{"image":{"src":"https://cdn2.cellphones.com.vn/100x/media/wysiwyg/placehoder.png","alt":"iPhone 13 Pro Max 128GB | Chính hãng VN/A"},"productName":"iPhone 13 Pro Max 128GB | Chính hãng VN/A","price":"27.390.000 ₫","discription":"Thu cũ lên đời - Trợ giá 1 triệu","STT":2,"quantity":10,"label":3},"3":{"image":{"src":"https://cdn2.cellphones.com.vn/100x/media/wysiwyg/placehoder.png","alt":"iPhone 12 Pro Max 128GB I Chính hãng VN/A "},"productName":"iPhone 12 Pro Max 128GB I Chính hãng VN/A","price":"25.590.000 ₫","discription":"[HOT] Thu cũ lên đời giá cao - Thủ tục nhanh - Trợ giá lên tới 1.000.000đ và 1 km khác","STT":3,"quantity":10,"label":3},"4":{"image":{"src":"https://cdn2.cellphones.com.vn/100x/media/wysiwyg/placehoder.png","alt":"Samsung Galaxy S22 Ultra (8GB - 128GB)"},"productName":"Samsung Galaxy S22 Ultra (8GB - 128GB)","price":"25.090.000 ₫","discription":"Dịch vụ phòng chờ hạng thương gia tại sân bay và 1 km khác","STT":4,"quantity":10,"label":2},"5":{"image":{"src":"https://cdn2.cellphones.com.vn/100x/media/wysiwyg/placehoder.png","alt":"iPhone 13 128GB | Chính hãng VN/A"},"productName":"iPhone 13 128GB | Chính hãng VN/A","price":"19.590.000 ₫","discription":"Thu cũ lên đời - Trợ giá 1 triệu","STT":5,"quantity":10,"label":3},"6":{"image":{"src":"https://cdn2.cellphones.com.vn/100x/media/wysiwyg/placehoder.png","alt":"Xiaomi Redmi Note 11"},"productName":"Xiaomi Redmi Note 11","price":"3.850.000 ₫","discription":"Thu cũ đổi mới - Trợ giá đến 300.000đ","STT":6,"quantity":10,"label":1},"7":{"image":{"src":"https://cdn2.cellphones.com.vn/100x/media/wysiwyg/placehoder.png","alt":"iPhone 12 64GB I Chính hãng VN/A "},"productName":"iPhone 12 64GB I Chính hãng VN/A","price":"15.990.000 ₫","discription":"[HOT] Thu cũ lên đời giá cao - Thủ tục nhanh - Trợ giá lên tới 1.000.000đ","STT":7,"quantity":10,"label":3},"8":{"image":{"src":"https://cdn2.cellphones.com.vn/100x/media/wysiwyg/placehoder.png","alt":"Xiaomi Redmi Note 11 Pro Plus 5G"},"productName":"Xiaomi Redmi Note 11 Pro Plus 5G","price":"8.890.000 ₫","discription":"Thu cũ lên đời trợ giá 500.000đ","STT":8,"quantity":10,"label":1},"9":{"image":{"src":"https://cdn2.cellphones.com.vn/100x/media/wysiwyg/placehoder.png","alt":"Samsung Galaxy Z Fold3 5G"},"productName":"Samsung Galaxy Z Fold3 5G","price":"30.990.000 ₫","discription":"Giảm ngay 2.000.000đ khi thanh toán qua Moca","STT":9,"quantity":10,"label":2},"10":{"image":{"src":"https://cdn2.cellphones.com.vn/100x/media/wysiwyg/placehoder.png","alt":"Nubia Red Magic 7 Obsidian 12GB 128GB"},"productName":"Nubia Red Magic 7 Obsidian 12GB 128GB","price":"18.490.000 ₫","discription":"Thu cũ đổi mới - Trợ giá 500.000đ","STT":10,"quantity":10,"label":14},"11":{"image":{"src":"https://cdn2.cellphones.com.vn/100x/media/wysiwyg/placehoder.png","alt":"Samsung Galaxy S22 Plus (8GB + 128GB)"},"productName":"Samsung Galaxy S22 Plus (8GB + 128GB)","price":"20.190.000 ₫","discription":"Dịch vụ phòng chờ hạng thương gia tại sân bay và 1 km khác","STT":11,"quantity":10,"label":2},"12":{"image":{"src":"https://cdn2.cellphones.com.vn/100x/media/wysiwyg/placehoder.png","alt":"iPhone 11 128GB I Chính hãng VN/A "},"productName":"iPhone 11 128GB I Chính hãng VN/A","price":"13.390.000 ₫","discription":"[HOT] Thu cũ lên đời giá cao - Thủ tục nhanh - Trợ giá lên tới 1.000.000đ","STT":12,"quantity":10,"label":3},"13":{"image":{"src":"https://cdn2.cellphones.com.vn/100x/media/wysiwyg/placehoder.png","alt":"Xiaomi Redmi Note 11 Pro"},"productName":"Xiaomi Redmi Note 11 Pro","price":"6.450.000 ₫","discription":"Thu cũ đổi mới - Trợ giá đến 300.000đ","STT":13,"quantity":10,"label":1},"14":{"image":{"src":"https://cdn2.cellphones.com.vn/100x/media/wysiwyg/placehoder.png","alt":"Samsung Galaxy A73 (5G) 256GB"},"productName":"Samsung Galaxy A73 (5G) 256GB","price":"11.990.000 ₫","discription":"Thu cũ đổi mới - Trợ giá đến 300.000đ và 1 km khác","STT":14,"quantity":10,"label":2},"15":{"image":{"src":"https://cdn2.cellphones.com.vn/100x/media/wysiwyg/placehoder.png","alt":"Xiaomi Redmi Note 11 128GB"},"productName":"Xiaomi Redmi Note 11 128GB","price":"4.130.000 ₫","discription":"Thu cũ đổi mới - Trợ giá đến 300.000đ","STT":15,"quantity":10,"label":1},"16":{"image":{"src":"https://cdn2.cellphones.com.vn/100x/media/wysiwyg/placehoder.png","alt":"OPPO Reno6 Z 5G"},"productName":"OPPO Reno6 Z 5G","price":"6.790.000 ₫","discription":"Thu cũ lên đời - Trợ giá 1 triệu","STT":16,"quantity":10,"label":12},"17":{"image":{"src":"https://cdn2.cellphones.com.vn/100x/media/wysiwyg/placehoder.png","alt":"iPhone 13 Pro 128GB | Chính hãng VN/A"},"productName":"iPhone 13 Pro 128GB | Chính hãng VN/A","price":"24.790.000 ₫","discription":"Thu cũ lên đời - Trợ giá 1 triệu","STT":17,"quantity":10,"label":3},"18":{"image":{"src":"https://cdn2.cellphones.com.vn/100x/media/wysiwyg/placehoder.png","alt":"Xiaomi 11T Pro"},"productName":"Xiaomi 11T Pro","price":"11.690.000 ₫","discription":"Thu cũ đổi mới - Trợ giá đến 300.000đ","STT":18,"quantity":10,"label":1},"19":{"image":{"src":"https://cdn2.cellphones.com.vn/100x/media/wysiwyg/placehoder.png","alt":"iPhone SE 2022 | Chính hãng VN/A"},"productName":"iPhone SE 2022 | Chính hãng VN/A","price":"11.390.000 ₫","discription":"Giảm thêm đến 1.000.000đ khi thanh toán qua thẻ tín dụng Citibank","STT":19,"quantity":10,"label":3},"20":{"image":{"src":"https://cdn2.cellphones.com.vn/100x/media/wysiwyg/placehoder.png","alt":"OPPO Reno7 Z (5G)"},"productName":"OPPO Reno7 Z (5G)","price":"9.090.000 ₫","discription":"","STT":20,"quantity":10,"label":12}}],["LAPTOP",{"1":{"image":{"src":"https://cdn2.cellphones.com.vn/100x/media/wysiwyg/placehoder.png","alt":"Apple Macbook Air M2 2022 8GB 256GB I Chính hãng Apple Việt Nam"},"productName":"Apple Macbook Air M2 2022 8GB 256GB I Chính hãng Apple Việt Nam","price":"31.490.000 ₫","discription":"Giảm đến 2 triệu khi thanh toán qua thẻ tín dụng VIB, Sacombank, VP Bank và 1 km khác","STT":21,"quantity":10,"label":3},"2":{"image":{"src":"https://cdn2.cellphones.com.vn/100x/media/wysiwyg/placehoder.png","alt":"Apple MacBook Air M1 256GB 2020 I Chính hãng Apple Việt Nam "},"productName":"Apple MacBook Air M1 256GB 2020 I Chính hãng Apple Việt Nam","price":"22.290.000 ₫","discription":"Mua Office Home & Student 2021 kèm Macbook chỉ còn 2,090,000","STT":22,"quantity":10,"label":3},"3":{"image":{"src":"https://cdn2.cellphones.com.vn/100x/media/wysiwyg/placehoder.png","alt":"Apple Macbook Pro 13 M2 2022  8GB 256GB I Chính hãng Apple Việt Nam"},"productName":"Apple Macbook Pro 13 M2 2022 8GB 256GB I Chính hãng Apple Việt Nam","price":"32.990.000 ₫","discription":"Thu cũ lên đời - Trợ giá 1 triệu","STT":23,"quantity":10,"label":3},"4":{"image":{"src":"https://cdn2.cellphones.com.vn/100x/media/wysiwyg/placehoder.png","alt":"Apple MacBook Pro 13 Touch Bar M1 256GB 2020 I Chính hãng Apple Việt Nam"},"productName":"Apple MacBook Pro 13 Touch Bar M1 256GB 2020 I Chính hãng Apple Việt Nam","price":"29.590.000 ₫","discription":"Mua Office Home & Student 2021 kèm Macbook chỉ còn 2,090,000","STT":24,"quantity":10,"label":3},"5":{"image":{"src":"https://cdn2.cellphones.com.vn/100x/media/wysiwyg/placehoder.png","alt":"Laptop Asus Vivobook 13 Slate Oled T3300KA"},"productName":"Laptop Asus Vivobook 13 Slate Oled T3300KA","price":"14.790.000 ₫","discription":"Ưu đãi 200.000đ khi mua kèm màn hình đồ họa ASUS USB-C","STT":25,"quantity":10,"label":4},"6":{"image":{"src":"https://cdn2.cellphones.com.vn/100x/media/wysiwyg/placehoder.png","alt":"Laptop Asus Gaming Rog Strix G15 G513IH HN015W"},"productName":"Laptop Asus Gaming Rog Strix G15 G513IH HN015W","price":"17.990.000 ₫","discription":"Ưu đãi 200.000đ khi mua kèm màn hình đồ họa ASUS USB-C","STT":26,"quantity":10,"label":4},"7":{"image":{"src":"https://cdn2.cellphones.com.vn/100x/media/wysiwyg/placehoder.png","alt":"Laptop Gaming MSI Bravo 15 B5DD 276VN"},"productName":"Laptop Gaming MSI Bravo 15 B5DD 276VN","price":"14.890.000 ₫","discription":"Ưu đãi 200.000đ khi mua kèm màn hình đồ họa ASUS USB-C","STT":27,"quantity":10,"label":13},"8":{"image":{"src":"https://cdn2.cellphones.com.vn/100x/media/wysiwyg/placehoder.png","alt":"Laptop ASUS VivoBook D515DA-EJ845T"},"productName":"Laptop ASUS VivoBook D515DA-EJ845T","price":"8.990.000 ₫","discription":"Ưu đãi 200.000đ khi mua kèm màn hình đồ họa ASUS USB-C","STT":28,"quantity":10,"label":4},"9":{"image":{"src":"https://cdn2.cellphones.com.vn/100x/media/wysiwyg/placehoder.png","alt":"Laptop MSI Modern 14 B11MOU 1030VN"},"productName":"Laptop MSI Modern 14 B11MOU 1030VN","price":"11.790.000 ₫","discription":"Ưu đãi 200.000đ khi mua kèm màn hình đồ họa ASUS USB-C","STT":29,"quantity":10,"label":13},"10":{"image":{"src":"https://cdn2.cellphones.com.vn/100x/media/wysiwyg/placehoder.png","alt":"Laptop Gaming Acer Nitro 5 AN515 45 R6EV"},"productName":"Laptop Gaming Acer Nitro 5 AN515 45 R6EV","price":"17.990.000 ₫","discription":"Tặng bàn phím cơ Gaming Predator Aethon TKL 301","STT":30,"quantity":10,"label":15},"11":{"image":{"src":"https://cdn2.cellphones.com.vn/100x/media/wysiwyg/placehoder.png","alt":"Laptop HP 14-CF2033WM 3V7G4UA"},"productName":"Laptop HP 14-CF2033WM 3V7G4UA","price":"6.490.000 ₫","discription":"Ưu đãi 200.000đ khi mua kèm màn hình đồ họa ASUS USB-C","STT":31,"quantity":10,"label":5},"12":{"image":{"src":"https://cdn2.cellphones.com.vn/100x/media/wysiwyg/placehoder.png","alt":"Macbook Pro 14 inch 2021 | Chính hãng Apple Việt Nam"},"productName":"Macbook Pro 14 inch 2021 | Chính hãng Apple Việt Nam","price":"48.590.000 ₫","discription":"Mua Office Home & Student 2021 kèm Macbook chỉ còn 2,090,000","STT":32,"quantity":10,"label":3},"13":{"image":{"src":"https://cdn2.cellphones.com.vn/100x/media/wysiwyg/placehoder.png","alt":"Laptop Lenovo Legion 5 15ACH6 82JW00JPVN "},"productName":"Laptop Lenovo Legion 5 15ACH6 82JW00JPVN","price":"20.790.000 ₫","discription":"Phần Mềm Diệt Virus, Office chính hãng chỉ từ 150k","STT":33,"quantity":10,"label":6},"14":{"image":{"src":"https://cdn2.cellphones.com.vn/100x/media/wysiwyg/placehoder.png","alt":"Laptop Dell Insprion 14 5406-3661SLV Nhập khẩu chính hãng"},"productName":"Laptop Dell Insprion 14 5406-3661SLV Nhập khẩu chính hãng","price":"12.990.000 ₫","discription":"Ưu đãi 200.000đ khi mua kèm màn hình đồ họa ASUS USB-C","STT":34,"quantity":10,"label":7},"15":{"image":{"src":"https://cdn2.cellphones.com.vn/100x/media/wysiwyg/placehoder.png","alt":"Laptop ASUS ZenBook UM5302TA-LX087W"},"productName":"Laptop ASUS ZenBook UM5302TA-LX087W","price":"27.990.000 ₫","discription":"Ưu đãi 200.000đ khi mua kèm màn hình đồ họa ASUS USB-C","STT":35,"quantity":10,"label":4},"16":{"image":{"src":"https://cdn2.cellphones.com.vn/100x/media/wysiwyg/placehoder.png","alt":"Laptop Xiaomi RedmiBook 15 JYU4505AP"},"productName":"Laptop Xiaomi RedmiBook 15 JYU4505AP","price":"11.490.000 ₫","discription":"Tặng balo xiaomi","STT":36,"quantity":10,"label":1},"17":{"image":{"src":"https://cdn2.cellphones.com.vn/100x/media/wysiwyg/placehoder.png","alt":"Laptop Asus Flip BR1100FKA-BP1088W"},"productName":"Laptop Asus Flip BR1100FKA-BP1088W","price":"5.690.000 ₫","discription":"Ưu đãi 200.000đ khi mua kèm màn hình đồ họa ASUS USB-C","STT":37,"quantity":10,"label":4},"18":{"image":{"src":"https://cdn2.cellphones.com.vn/100x/media/wysiwyg/placehoder.png","alt":"Surface Pro 7 Core i5 / 8GB / 128GB Nhập Khẩu Chính Hãng"},"productName":"Surface Pro 7 Core i5 / 8GB / 128GB Nhập Khẩu Chính Hãng","price":"19.990.000 ₫","discription":"Ưu đãi 200.000đ khi mua kèm màn hình đồ họa ASUS USB-C","STT":38,"quantity":10,"label":16},"19":{"image":{"src":"https://cdn2.cellphones.com.vn/100x/media/wysiwyg/placehoder.png","alt":"Laptop ASUS VivoBook A515EA-L12033W"},"productName":"Laptop ASUS VivoBook A515EA-L12033W","price":"16.590.000 ₫","discription":"Ưu đãi 200.000đ khi mua kèm màn hình đồ họa ASUS USB-C","STT":39,"quantity":10,"label":4},"20":{"image":{"src":"https://cdn2.cellphones.com.vn/100x/media/wysiwyg/placehoder.png","alt":"iMac 24 2021 M1 7GPU 8GB 256GB I Chính hãng Apple Việt Nam"},"productName":"iMac 24 2021 M1 7GPU 8GB 256GB I Chính hãng Apple Việt Nam","price":"28.990.000 ₫","discription":"Mua Office Home & Student 2021 kèm Macbook chỉ còn 2,090,000","STT":40,"quantity":10,"label":3},"21":{"image":{"src":"https://cdn2.cellphones.com.vn/100x/media/wysiwyg/placehoder.png","alt":"Laptop Lenovo IdeaPad Gaming 3 15ACH6 82K201BBVN"},"productName":"Laptop Lenovo IdeaPad Gaming 3 15ACH6 82K201BBVN","price":"15.990.000 ₫","discription":"Phần Mềm Diệt Virus, Office chính hãng chỉ từ 150k","STT":41,"quantity":10,"label":6}}],["MÀN HÌNH, MÁY TÍNH ĐỂ BÀN",{"1":{"image":{"src":"https://cdn2.cellphones.com.vn/100x/media/wysiwyg/placehoder.png","alt":"PC Gaming CPS 001"},"productName":"PC Gaming CPS 001","price":"8.730.000 ₫","discription":"","STT":42,"quantity":10,"label":20},"2":{"image":{"src":"https://cdn2.cellphones.com.vn/100x/media/wysiwyg/placehoder.png","alt":"Màn Hình Thông Minh Samsung M8 LS32BM801UEXXV 32 (4K/VA/60Hz/USB-C)"},"productName":"Màn Hình Thông Minh Samsung M8 LS32BM801UEXXV 32 (4K/VA/60Hz/USB-C)","price":"14.990.000 ₫","discription":"","STT":43,"quantity":10,"label":2},"3":{"image":{"src":"https://cdn2.cellphones.com.vn/100x/media/wysiwyg/placehoder.png","alt":"Màn hình Xiaomi Monitor 1C BHR4510GL  23.8 inch "},"productName":"Màn hình Xiaomi Monitor 1C BHR4510GL 23.8 inch","price":"3.290.000 ₫","discription":"Ưu đãi giảm 50,000 khi mua giá treo màn hình","STT":44,"quantity":10,"label":1},"4":{"image":{"src":"https://cdn2.cellphones.com.vn/100x/media/wysiwyg/placehoder.png","alt":"Màn hình LG UltraWide 29WP500  29 inch "},"productName":"Màn hình LG UltraWide 29WP500 29 inch","price":"5.690.000 ₫","discription":"Ưu đãi giảm 50,000 khi mua giá treo màn hình","STT":45,"quantity":10,"label":9},"5":{"image":{"src":"https://cdn2.cellphones.com.vn/100x/media/wysiwyg/placehoder.png","alt":"Màn hình đồ hoạ HUAWEI MateView 28"},"productName":"Màn hình đồ hoạ HUAWEI MateView 28","price":"15.990.000 ₫","discription":"Tặng kèm chuột Huawei CD20 và 1 km khác","STT":46,"quantity":10,"label":11},"6":{"image":{"src":"https://cdn2.cellphones.com.vn/100x/media/wysiwyg/placehoder.png","alt":"Màn hình thông minh Samsung LS27AM500NEXXV  27 inch "},"productName":"Màn hình thông minh Samsung LS27AM500NEXXV 27 inch","price":"4.990.000 ₫","discription":"Ưu đãi giảm 50,000 khi mua giá treo màn hình","STT":47,"quantity":10,"label":2},"7":{"image":{"src":"https://cdn2.cellphones.com.vn/100x/media/wysiwyg/placehoder.png","alt":"Màn hình Dell UltraSharp 23.8 inch U2422H"},"productName":"Màn hình Dell UltraSharp 23.8 inch U2422H","price":"7.190.000 ₫","discription":"Ưu đãi giảm 50,000 khi mua giá treo màn hình","STT":48,"quantity":10,"label":7},"8":{"image":{"src":"https://cdn2.cellphones.com.vn/100x/media/wysiwyg/placehoder.png","alt":"Màn hình Dell Monitor S2721DS 27"},"productName":"Màn hình Dell Monitor S2721DS 27","price":"6.790.000 ₫","discription":"","STT":49,"quantity":10,"label":7},"9":{"image":{"src":"https://cdn2.cellphones.com.vn/100x/media/wysiwyg/placehoder.png","alt":"Màn hình Samsung LU28R550UQEXXV 28 inch "},"productName":"Màn hình Samsung LU28R550UQEXXV 28 inch","price":"7.990.000 ₫","discription":"Ưu đãi giảm 50,000 khi mua giá treo màn hình","STT":50,"quantity":10,"label":2},"10":{"image":{"src":"https://cdn2.cellphones.com.vn/100x/media/wysiwyg/placehoder.png","alt":"PC Gaming ASUS ROG STRIX GA35 G35DX-VN003W"},"productName":"PC Gaming ASUS ROG STRIX GA35 G35DX-VN003W","price":"43.490.000 ₫","discription":"Ưu đãi 200.000đ khi mua kèm màn hình đồ họa ASUS USB-C","STT":51,"quantity":10,"label":4}}],["MÁY TÍNH BẢNG",{"1":{"image":{"src":"https://cdn2.cellphones.com.vn/100x/media/wysiwyg/placehoder.png","alt":"iPad 10.2 2021 WiFi 64GB | Chính hãng Apple Việt Nam"},"productName":"iPad 10.2 2021 WiFi 64GB | Chính hãng Apple Việt Nam","price":"8.990.000 ₫","discription":"Phần mềm bản quyền Office đi kèm 1 TB Onedrive chỉ từ 990,000","STT":52,"quantity":10,"label":3},"2":{"image":{"src":"https://cdn2.cellphones.com.vn/100x/media/wysiwyg/placehoder.png","alt":"iPad Air 5 (2022) 64GB I Chính hãng Apple Việt Nam"},"productName":"iPad Air 5 (2022) 64GB I Chính hãng Apple Việt Nam","price":"15.590.000 ₫","discription":"Phần mềm bản quyền Office đi kèm 1 TB Onedrive chỉ từ 990,000","STT":53,"quantity":10,"label":3},"3":{"image":{"src":"https://cdn2.cellphones.com.vn/100x/media/wysiwyg/placehoder.png","alt":"Samsung Galaxy Tab S8 Ultra"},"productName":"Samsung Galaxy Tab S8 Ultra","price":"28.890.000 ₫","discription":"Tặng bao da kiêm bàn phím Galaxy Tab S8 Ultra chính hãng và 2 km khác","STT":54,"quantity":10,"label":2},"4":{"image":{"src":"https://cdn2.cellphones.com.vn/100x/media/wysiwyg/placehoder.png","alt":"Apple iPad Pro 11 2021 M1 WiFi 128GB I Chính hãng Apple Việt Nam "},"productName":"Apple iPad Pro 11 2021 M1 WiFi 128GB I Chính hãng Apple Việt Nam","price":"19.790.000 ₫","discription":"Thu cũ lên đời - Trợ giá 1 triệu và 1 km khác","STT":55,"quantity":10,"label":3},"5":{"image":{"src":"https://cdn2.cellphones.com.vn/100x/media/wysiwyg/placehoder.png","alt":"Apple iPad mini 6 WiFi 64GB | Chính hãng Apple Việt Nam"},"productName":"Apple iPad mini 6 WiFi 64GB | Chính hãng Apple Việt Nam","price":"13.190.000 ₫","discription":"Phần mềm bản quyền Office đi kèm 1 TB Onedrive chỉ từ 990,000","STT":56,"quantity":10,"label":3},"6":{"image":{"src":"https://cdn2.cellphones.com.vn/100x/media/wysiwyg/placehoder.png","alt":"iPad Air 10.9 2020 WiFi 64GB I Chính hãng Apple Việt Nam "},"productName":"iPad Air 10.9 2020 WiFi 64GB I Chính hãng Apple Việt Nam","price":"14.190.000 ₫","discription":"Phần mềm bản quyền Office đi kèm 1 TB Onedrive chỉ từ 990,000","STT":57,"quantity":10,"label":3},"7":{"image":{"src":"https://cdn2.cellphones.com.vn/100x/media/wysiwyg/placehoder.png","alt":"Samsung Galaxy Tab A7 Lite"},"productName":"Samsung Galaxy Tab A7 Lite","price":"3.750.000 ₫","discription":"Thu cũ đổi mới - Trợ giá đến 300.000đ","STT":58,"quantity":10,"label":2},"8":{"image":{"src":"https://cdn2.cellphones.com.vn/100x/media/wysiwyg/placehoder.png","alt":"Xiaomi Pad 5"},"productName":"Xiaomi Pad 5","price":"8.990.000 ₫","discription":"Thu cũ đổi mới - Trợ giá đến 300.000đ","STT":59,"quantity":10,"label":1},"9":{"image":{"src":"https://cdn2.cellphones.com.vn/100x/media/wysiwyg/placehoder.png","alt":"Samsung Galaxy Tab A8 (2022)"},"productName":"Samsung Galaxy Tab A8 (2022)","price":"6.990.000 ₫","discription":"Tặng Bao da Samsung Galaxy Tab A8 2022 chính hãng và 1 km khác","STT":60,"quantity":10,"label":2},"10":{"image":{"src":"https://cdn2.cellphones.com.vn/100x/media/wysiwyg/placehoder.png","alt":"iPad 10.2 2020 WiFi 32GB I Chính hãng Apple Việt Nam "},"productName":"iPad 10.2 2020 WiFi 32GB I Chính hãng Apple Việt Nam","price":"9.500.000 ₫","discription":"Phần mềm bản quyền Office đi kèm 1 TB Onedrive chỉ từ 990,000","STT":61,"quantity":10,"label":3}}],["ÂM THANH",{"1":{"image":{"src":"https://cdn2.cellphones.com.vn/100x/media/wysiwyg/placehoder.png","alt":"Tai nghe Bluetooth Apple AirPods 2 VN/A"},"productName":"Tai nghe Bluetooth Apple AirPods 2 VN/A","price":"2.890.000 ₫","discription":"Nhận gói 6 tháng Apple Music miễn phí","STT":62,"quantity":10,"label":3},"2":{"image":{"src":"https://cdn2.cellphones.com.vn/100x/media/wysiwyg/placehoder.png","alt":"Tai nghe Bluetooth Apple AirPods 3 | Chính hãng Apple Việt Nam"},"productName":"Tai nghe Bluetooth Apple AirPods 3 | Chính hãng Apple Việt Nam","price":"4.590.000 ₫","discription":"Nhận gói 6 tháng Apple Music miễn phí","STT":63,"quantity":10,"label":3},"3":{"image":{"src":"https://cdn2.cellphones.com.vn/100x/media/wysiwyg/placehoder.png","alt":"Tai nghe chụp tai Sony WH-1000XM4   "},"productName":"Tai nghe chụp tai Sony WH-1000XM4","price":"5.990.000 ₫","discription":"","STT":64,"quantity":10,"label":8},"4":{"image":{"src":"https://cdn2.cellphones.com.vn/100x/media/wysiwyg/placehoder.png","alt":"Tai nghe Bluetooth Apple AirPods Pro 2021 Magsafe | Chính hãng Apple Việt Nam"},"productName":"Tai nghe Bluetooth Apple AirPods Pro 2021 Magsafe | Chính hãng Apple Việt Nam","price":"4.790.000 ₫","discription":"Nhận gói 6 tháng Apple Music miễn phí","STT":65,"quantity":10,"label":3},"5":{"image":{"src":"https://cdn2.cellphones.com.vn/100x/media/wysiwyg/placehoder.png","alt":"Tai nghe Bluetooth Samsung Galaxy Buds Live"},"productName":"Tai nghe Bluetooth Samsung Galaxy Buds Live","price":"1.490.000 ₫","discription":"","STT":66,"quantity":10,"label":2},"6":{"image":{"src":"https://cdn2.cellphones.com.vn/100x/media/wysiwyg/placehoder.png","alt":"Tai nghe Bluetooth Samsung Galaxy Buds Pro"},"productName":"Tai nghe Bluetooth Samsung Galaxy Buds Pro","price":"2.290.000 ₫","discription":"","STT":67,"quantity":10,"label":2},"7":{"image":{"src":"https://cdn2.cellphones.com.vn/100x/media/wysiwyg/placehoder.png","alt":"Tai nghe không dây JBL Live Pro+"},"productName":"Tai nghe không dây JBL Live Pro+","price":"2.990.000 ₫","discription":"","STT":68,"quantity":10,"label":17},"8":{"image":{"src":"https://cdn2.cellphones.com.vn/100x/media/wysiwyg/placehoder.png","alt":"Loa Bluetooth JBL Charge 4"},"productName":"Loa Bluetooth JBL Charge 4","price":"3.490.000 ₫","discription":"","STT":69,"quantity":10,"label":17},"9":{"image":{"src":"https://cdn2.cellphones.com.vn/100x/media/wysiwyg/placehoder.png","alt":"Tai nghe không dây Xiaomi Redmi Buds 3 lite"},"productName":"Tai nghe không dây Xiaomi Redmi Buds 3 lite","price":"450.000 ₫","discription":"","STT":70,"quantity":10,"label":1},"10":{"image":{"src":"https://cdn2.cellphones.com.vn/100x/media/wysiwyg/placehoder.png","alt":"Tai nghe chụp tai chống ồn Apple AirPods Max | Chính hãng Apple Việt Nam"},"productName":"Tai nghe chụp tai chống ồn Apple AirPods Max | Chính hãng Apple Việt Nam","price":"9.390.000 ₫","discription":"Nhận gói 6 tháng Apple Music miễn phí","STT":71,"quantity":10,"label":3}}],["ĐỒNG HỒ THÔNG MINH",{"1":{"image":{"src":"https://cdn2.cellphones.com.vn/100x/media/wysiwyg/placehoder.png","alt":"Vòng đeo tay thông minh Huawei Band 7 "},"productName":"Vòng đeo tay thông minh Huawei Band 7","price":"990.000 ₫","discription":"","STT":72,"quantity":10,"label":11},"2":{"image":{"src":"https://cdn2.cellphones.com.vn/100x/media/wysiwyg/placehoder.png","alt":"Vòng đeo tay thông minh Xiaomi Mi Band 7"},"productName":"Vòng đeo tay thông minh Xiaomi Mi Band 7","price":"1.190.000 ₫","discription":"","STT":73,"quantity":10,"label":1},"3":{"image":{"src":"https://cdn2.cellphones.com.vn/100x/media/wysiwyg/placehoder.png","alt":"Đồng hồ thông minh Huawei Watch GT3 dây da"},"productName":"Đồng hồ thông minh Huawei Watch GT3 dây da","price":"5.990.000 ₫","discription":"Dây đeo đồng hồ Huawei Watch GT3 Silicone 46mm","STT":74,"quantity":10,"label":11},"4":{"image":{"src":"https://cdn2.cellphones.com.vn/100x/media/wysiwyg/placehoder.png","alt":"Đồng hồ thông minh Xiaomi Mi Watch"},"productName":"Đồng hồ thông minh Xiaomi Mi Watch","price":"1.990.000 ₫","discription":"","STT":75,"quantity":10,"label":1},"5":{"image":{"src":"https://cdn2.cellphones.com.vn/100x/media/wysiwyg/placehoder.png","alt":"Vòng đeo tay thông minh Xiaomi Mi Band 6"},"productName":"Vòng đeo tay thông minh Xiaomi Mi Band 6","price":"799.000 ₫","discription":"","STT":76,"quantity":10,"label":1},"6":{"image":{"src":"https://cdn2.cellphones.com.vn/100x/media/wysiwyg/placehoder.png","alt":"Đồng hồ thông minh Huawei Watch Fit 2"},"productName":"Đồng hồ thông minh Huawei Watch Fit 2","price":"2.990.000 ₫","discription":"QT.187","STT":77,"quantity":10,"label":11},"7":{"image":{"src":"https://cdn2.cellphones.com.vn/100x/media/wysiwyg/placehoder.png","alt":"Samsung Galaxy Watch4 "},"productName":"Samsung Galaxy Watch4","price":"4.490.000 ₫","discription":"","STT":78,"quantity":10,"label":2},"8":{"image":{"src":"https://cdn2.cellphones.com.vn/100x/media/wysiwyg/placehoder.png","alt":"Đồng hồ thông minh Huawei Watch GT3 Pro dây silicone"},"productName":"Đồng hồ thông minh Huawei Watch GT3 Pro dây silicone","price":"7.990.000 ₫","discription":"Tặng dây đeo thời trang thay thế","STT":79,"quantity":10,"label":11},"9":{"image":{"src":"https://cdn2.cellphones.com.vn/100x/media/wysiwyg/placehoder.png","alt":"Đồng hồ thông minh trẻ em Myalo KidsPhone K84"},"productName":"Đồng hồ thông minh trẻ em Myalo KidsPhone K84","price":"2.750.000 ₫","discription":"Tặng Sim Mobifone C90N 4GB/Ngày","STT":80,"quantity":10,"label":18},"10":{"image":{"src":"https://cdn2.cellphones.com.vn/100x/media/wysiwyg/placehoder.png","alt":"Đồng hồ thông minh Xiaomi Redmi Watch 2 Lite"},"productName":"Đồng hồ thông minh Xiaomi Redmi Watch 2 Lite","price":"1.072.000 ₫","discription":"","STT":81,"quantity":10,"label":1}}],["NHÀ THÔNG MINH",{"1":{"image":{"src":"https://cdn2.cellphones.com.vn/100x/media/wysiwyg/placehoder.png","alt":"Robot hút bụi Dreame bot W10"},"productName":"Robot hút bụi Dreame bot W10","price":"16.990.000 ₫","discription":"","STT":82,"quantity":10,"label":1},"2":{"image":{"src":"https://cdn2.cellphones.com.vn/100x/media/wysiwyg/placehoder.png","alt":"Apple AirTag | Chính hãng Apple Việt Nam"},"productName":"Apple AirTag | Chính hãng Apple Việt Nam","price":"790.000 ₫","discription":"","STT":83,"quantity":10,"label":3},"3":{"image":{"src":"https://cdn2.cellphones.com.vn/100x/media/wysiwyg/placehoder.png","alt":"Quạt thông minh Mi Smart Standing Fan 2 Lite"},"productName":"Quạt thông minh Mi Smart Standing Fan 2 Lite","price":"1.290.000 ₫","discription":"","STT":84,"quantity":10,"label":1},"4":{"image":{"src":"https://cdn2.cellphones.com.vn/100x/media/wysiwyg/placehoder.png","alt":"Máy chiếu Xiaomi Mi Smart Projector 2"},"productName":"Máy chiếu Xiaomi Mi Smart Projector 2","price":"14.990.000 ₫","discription":"","STT":85,"quantity":10,"label":1},"5":{"image":{"src":"https://cdn2.cellphones.com.vn/100x/media/wysiwyg/placehoder.png","alt":"Robot hút bụi Dreame D9 Pro"},"productName":"Robot hút bụi Dreame D9 Pro","price":"6.790.000 ₫","discription":"","STT":86,"quantity":10,"label":1},"6":{"image":{"src":"https://cdn2.cellphones.com.vn/100x/media/wysiwyg/placehoder.png","alt":"Robot hút bụi Dreame D9"},"productName":"Robot hút bụi Dreame D9","price":"6.290.000 ₫","discription":"","STT":87,"quantity":10,"label":1},"7":{"image":{"src":"https://cdn2.cellphones.com.vn/100x/media/wysiwyg/placehoder.png","alt":"Máy lọc không khí Xiaomi Air Purifier 4 Pro"},"productName":"Máy lọc không khí Xiaomi Air Purifier 4 Pro","price":"5.190.000 ₫","discription":"","STT":88,"quantity":10,"label":1},"8":{"image":{"src":"https://cdn2.cellphones.com.vn/100x/media/wysiwyg/placehoder.png","alt":"Robot hút bụi Dreame Z10 Pro "},"productName":"Robot hút bụi Dreame Z10 Pro","price":"10.290.000 ₫","discription":"","STT":89,"quantity":10,"label":1},"9":{"image":{"src":"https://cdn2.cellphones.com.vn/100x/media/wysiwyg/placehoder.png","alt":"Máy Chiếu Smart TV 100 inch Bỏ Túi Samsung The Freestyle SP-LSP3"},"productName":"Máy Chiếu Smart TV 100 inch Bỏ Túi Samsung The Freestyle SP-LSP3","price":"20.990.000 ₫","discription":"Quà tặng túi đựng Samsung The Freestyle Xanh đen","STT":90,"quantity":10,"label":2},"10":{"image":{"src":"https://cdn2.cellphones.com.vn/100x/media/wysiwyg/placehoder.png","alt":"Máy lọc không khí Xiaomi Air Purifier 4 Lite"},"productName":"Máy lọc không khí Xiaomi Air Purifier 4 Lite","price":"3.090.000 ₫","discription":"","STT":91,"quantity":10,"label":1}}],["TIVI",{"1":{"image":{"src":"https://cdn2.cellphones.com.vn/100x/media/wysiwyg/placehoder.png","alt":"Smart tivi Xiaomi P1 55 inch"},"productName":"Smart tivi Xiaomi P1 55 inch","price":"9.990.000 ₫","discription":"Tặng Cân Xiaomi Mi Body Compsition Scale 2","STT":92,"quantity":10,"label":1},"2":{"image":{"src":"https://cdn2.cellphones.com.vn/100x/media/wysiwyg/placehoder.png","alt":"Smart tivi Xiaomi P1 43 inch"},"productName":"Smart tivi Xiaomi P1 43 inch","price":"7.990.000 ₫","discription":"Giảm 10% loa Soundbar khi mua kèm TV","STT":93,"quantity":10,"label":1},"3":{"image":{"src":"https://cdn2.cellphones.com.vn/100x/media/wysiwyg/placehoder.png","alt":"Smart Tivi màn hình cong Samsung 4K 55 inch 55TU8300"},"productName":"Smart Tivi màn hình cong Samsung 4K 55 inch 55TU8300","price":"11.990.000 ₫","discription":"Giảm 10% loa Soundbar khi mua kèm TV","STT":94,"quantity":10,"label":2},"4":{"image":{"src":"https://cdn2.cellphones.com.vn/100x/media/wysiwyg/placehoder.png","alt":"Smart Tivi 4K The Serif Samsung 55 inch QA55LS01TA (Model 2021)"},"productName":"Smart Tivi 4K The Serif Samsung 55 inch QA55LS01TA (Model 2021)","price":"14.990.000 ₫","discription":"Giảm 10% loa Soundbar khi mua kèm TV","STT":95,"quantity":10,"label":2},"5":{"image":{"src":"https://cdn2.cellphones.com.vn/100x/media/wysiwyg/placehoder.png","alt":"Smart TV Coocaa HD 32 inch WIFI 32S3U"},"productName":"Smart TV Coocaa HD 32 inch WIFI 32S3U","price":"3.690.000 ₫","discription":"Giảm 10% loa Soundbar khi mua kèm TV","STT":96,"quantity":10,"label":19},"6":{"image":{"src":"https://cdn2.cellphones.com.vn/100x/media/wysiwyg/placehoder.png","alt":"Smart TV Nanocell LG 4K 43 INCH 43NANO77TPA"},"productName":"Smart TV Nanocell LG 4K 43 INCH 43NANO77TPA","price":"12.990.000 ₫","discription":"Giảm 10% loa Soundbar khi mua kèm TV","STT":97,"quantity":10,"label":9},"7":{"image":{"src":"https://cdn2.cellphones.com.vn/100x/media/wysiwyg/placehoder.png","alt":"Smart Tivi Samsung Crystal UHD 4K 55 INCH UA55AU7700KXXV"},"productName":"Smart Tivi Samsung Crystal UHD 4K 55 INCH UA55AU7700KXXV","price":"12.990.000 ₫","discription":"Giảm 10% loa Soundbar khi mua kèm TV","STT":98,"quantity":10,"label":2},"8":{"image":{"src":"https://cdn2.cellphones.com.vn/100x/media/wysiwyg/placehoder.png","alt":"Smart Tivi di động LG Stanby Me 27inch"},"productName":"Smart Tivi di động LG Stanby Me 27inch","price":"18.190.000 ₫","discription":"[01/07 - 30/09/2022]Tặng tai nghe Tone Free trị giá 2.990.000đ qua ứng dụng Urbox","STT":99,"quantity":10,"label":9},"9":{"image":{"src":"https://cdn2.cellphones.com.vn/100x/media/wysiwyg/placehoder.png","alt":"Smart Tivi Samsung Crystal UHD 4K 55 inch UA55AU8000KXXV"},"productName":"Smart Tivi Samsung Crystal UHD 4K 55 inch UA55AU8000KXXV","price":"13.990.000 ₫","discription":"Giảm 10% loa Soundbar khi mua kèm TV","STT":100,"quantity":10,"label":2},"10":{"image":{"src":"https://cdn2.cellphones.com.vn/100x/media/wysiwyg/placehoder.png","alt":"Smart Tivi Samsung QLED 55 inch QA55Q60AA (Model 2021)"},"productName":"Smart Tivi Samsung QLED 55 inch QA55Q60AA (Model 2021)","price":"14.990.000 ₫","discription":"Giảm 10% loa Soundbar khi mua kèm TV","STT":101,"quantity":10,"label":2}}]]